name,domain,website,industry,company_size,employee_range,employee_count,annual_revenue_usd,headquarters_city,headquarters_country,cloud_usage,regulatory_context,lead_source,last_activity_at,next_action_due_at,lifecycle_stage,status,tags
Apex Cyberspace,apex-cyber.example,https://apex-cyber.example,Cloud Services,growth,101-200,120,15000000.0,Miami,United States,AWS,SOC 2,outbound research,2026-08-31T11:53:02.383953Z,2026-09-01T11:53:02.383953Z,prospect,prospect,cyber
Atlas Grid Utilities,atlas-grid.example,https://atlas-grid.example,Energy,enterprise,501-1000,620,98000000.0,Phoenix,United States,Azure|Private Cloud,NERC CIP,industry event,2026-08-16T11:53:02.383953Z,2026-09-07T11:53:02.383953Z,prospect,prospect,energy|critical-infrastructure
Beacon Media,beacon-media.example,https://beacon-media.example,Retail,small-business,51-100,60,8000000.0,Orlando,United States,GCP,GDPR,web inquiry,2026-08-31T11:53:02.383953Z,2026-09-02T11:53:02.383953Z,prospect,prospect,media
Blue Harbor Finance,blueharbor-finance.example,https://blueharbor-finance.example,Financial Services,mid-market,201-500,260,73000000.0,Boston,United States,Azure,PCI DSS|SOX,partner referral,2026-08-23T11:53:02.383953Z,2026-09-02T11:53:02.383953Z,prospect,prospect,finance|regulated
Citadel Defense,citadel.example,https://citadel.example,Energy,enterprise,501-1000,700,110000000.0,Washington,United States,Azure,ITAR,partner referral,2026-08-31T11:53:02.383953Z,2026-09-03T11:53:02.383953Z,qualified,qualified,defense
Cobalt Cloud Services,cobalt-cloud.example,https://cobalt-cloud.example,Cloud Services,growth,101-200,145,29000000.0,Seattle,United States,AWS|Kubernetes,SOC 2|ISO 27001,technical webinar,2026-08-29T11:53:02.383953Z,2026-09-05T11:53:02.383953Z,qualified,qualified,saas|cloud
CSV Handover 1790242956650,csv-1790242956650.example,,,,,,,,,,,,,,prospect,prospect,
CSV Handover 1790243038746,csv-1790243038746.example,,,,,,,,,,,,,,prospect,prospect,
Delta Quantum tech,delta-q.example,https://delta-q.example,Manufacturing Technology,growth,101-200,130,24000000.0,San Jose,United States,AWS,ISO 27001,conference,2026-08-31T11:53:02.383953Z,2026-09-04T11:53:02.383953Z,prospect,prospect,quantum
Echo Health,echo-health.example,https://echo-health.example,Healthcare,mid-market,201-500,340,45000000.0,Dallas,United States,AWS,HIPAA,web inquiry,2026-08-31T11:53:02.383953Z,2026-09-05T11:53:02.383953Z,qualified,qualified,health
Fox Fintech,fox-fin.example,https://fox-fin.example,Financial Services,growth,101-200,190,35000000.0,Charlotte,United States,Azure,PCI DSS,partner referral,2026-08-31T11:53:02.383953Z,2026-09-01T11:53:02.383953Z,prospect,prospect,fintech
Genesis Genomics,genesis-g.example,https://genesis-g.example,Biotechnology,mid-market,201-500,400,60000000.0,San Francisco,United States,GCP,FDA validation,outbound research,2026-08-31T11:53:02.383953Z,2026-09-03T11:53:02.383953Z,qualified,qualified,genetics
Greenfield Health Systems,greenfield-health.example,https://greenfield-health.example,Healthcare,enterprise,501-1000,850,126000000.0,Denver,United States,AWS|Google Cloud,HIPAA,web inquiry,2026-08-30T11:53:02.383953Z,2026-09-01T11:53:02.383953Z,qualified,qualified,healthcare|compliance
Handover Synthetic 1790242002284,handover-1790242002284.example,,Technology,,,,,,Germany,,,,,,prospect,prospect,
Handover Synthetic 1790242350755,handover-1790242350755.example,,Technology,,,,,,Germany,,,,,,prospect,prospect,
Handover Synthetic 1790242771383,handover-1790242771383.example,,Technology,,,,,,Germany,,,,,,prospect,prospect,
Handover Synthetic 1790242911803,handover-1790242911803.example,,Technology,,,,,,Germany,,,,,,prospect,prospect,
Handover Synthetic 1790242994941,handover-1790242994941.example,,Technology,,,,,,Germany,,,,,,prospect,prospect,
Horizon Logistics,horizon-log.example,https://horizon-log.example,Logistics,enterprise,501-1000,900,130000000.0,Houston,United States,AWS,SOC 2,conference,2026-08-31T11:53:02.383953Z,2026-09-06T11:53:02.383953Z,prospect,prospect,shipping
Ironclad Legal,ironclad-law.example,https://ironclad-law.example,Legal Services,small-business,51-100,80,14000000.0,Philadelphia,United States,Microsoft 365,Client confidentiality,web inquiry,2026-08-31T11:53:02.383953Z,2026-09-02T11:53:02.383953Z,prospect,prospect,corporate-law
Jupiter EdTech,jupiter-ed.example,https://jupiter-ed.example,Education Technology,growth,101-200,160,19000000.0,Nashville,United States,AWS,FERPA,outbound research,2026-08-31T11:53:02.383953Z,2026-09-05T11:53:02.383953Z,prospect,prospect,lms
Krypton Labs,krypton.example,https://krypton.example,Manufacturing Technology,small-business,11-50,45,6000000.0,Detroit,United States,AWS,ISO 27001,conference,2026-08-31T11:53:02.383953Z,2026-09-04T11:53:02.383953Z,prospect,prospect,hardware
Lexington Wealth,lex-wealth.example,https://lex-wealth.example,Financial Services,mid-market,201-500,220,50000000.0,Richmond,United States,Azure,SOX,partner referral,2026-08-31T11:53:02.383953Z,2026-09-02T11:53:02.383953Z,qualified,qualified,wealth-mgmt
Matrix BioTech,matrix-bio.example,https://matrix-bio.example,Biotechnology,growth,101-200,110,21000000.0,Seattle,United States,GCP,FDA validation,web inquiry,2026-08-31T11:53:02.383953Z,2026-09-01T11:53:02.383953Z,prospect,prospect,pharma
Meridian BioMaterials,meridian-biomaterials.example,https://meridian-biomaterials.example,Biotechnology,mid-market,201-500,210,41000000.0,San Diego,United States,Google Cloud|AWS,FDA validation|ISO 27001,web inquiry,2026-08-27T11:53:02.383953Z,2026-09-02T11:53:02.383953Z,qualified,qualified,biotech|research
Northstar Robotics Labs,northstar-robotics.example,https://northstar-robotics.example,Manufacturing Technology,mid-market,201-500,420,48000000.0,Austin,United States,AWS|Azure,SOC 2,conference,2026-08-28T11:53:02.383953Z,2026-09-04T11:53:02.383953Z,qualified,qualified,robotics|cloud
Nova Energy,nova-energy.example,https://nova-energy.example,Energy,enterprise,501-1000,550,85000000.0,Denver,United States,Azure,NERC CIP,industry event,2026-08-31T11:53:02.383953Z,2026-09-07T11:53:02.383953Z,prospect,prospect,solar
Omni Retail,omni-retail.example,https://omni-retail.example,Retail,enterprise,501-1000,980,140000000.0,Minneapolis,United States,AWS,PCI DSS,outbound research,2026-08-31T11:53:02.383953Z,2026-09-03T11:53:02.383953Z,qualified,qualified,e-commerce
Pioneer Logistics Network,pioneer-logistics.example,https://pioneer-logistics.example,Logistics,enterprise,501-1000,530,67000000.0,Atlanta,United States,Azure,SOC 2,partner referral,2026-08-20T11:53:02.383953Z,2026-09-06T11:53:02.383953Z,prospect,prospect,logistics|supply-chain
Pulse Cloud Solutions,pulse-cloud.example,https://pulse-cloud.example,Cloud Services,small-business,51-100,85,12000000.0,Salt Lake City,United States,AWS|Kubernetes,SOC 2,technical webinar,2026-08-31T11:53:02.383953Z,2026-09-02T11:53:02.383953Z,prospect,prospect,devops
Quantum Freight,quantum-freight.example,https://quantum-freight.example,Logistics,mid-market,201-500,410,52000000.0,Memphis,United States,Azure,SOC 2,partner referral,2026-08-31T11:53:02.383953Z,2026-09-04T11:53:02.383953Z,prospect,prospect,freight
Redwood Legal Group,redwood-legal.example,https://redwood-legal.example,Legal Services,mid-market,201-500,300,38000000.0,San Francisco,United States,Microsoft 365,Client confidentiality,conference,2026-08-31T11:53:02.383953Z,2026-09-03T11:53:02.383953Z,qualified,qualified,compliance-law
Silverline Retail Group,silverline-retail.example,https://silverline-retail.example,Retail,mid-market,201-500,310,54000000.0,Chicago,United States,AWS,PCI DSS,outbound research,2026-08-26T11:53:02.383953Z,2026-09-03T11:53:02.383953Z,prospect,prospect,retail|payments
Stellar Health Tech,stellar-health.example,https://stellar-health.example,Healthcare,growth,101-200,170,26000000.0,Pittsburgh,United States,AWS|GCP,HIPAA,web inquiry,2026-08-31T11:53:02.383953Z,2026-09-05T11:53:02.383953Z,prospect,prospect,telehealth
Summit Legal Partners,summit-legal.example,https://summit-legal.example,Legal Services,small-business,51-100,95,18000000.0,New York,United States,Microsoft 365,Client confidentiality,conference,2026-08-11T11:53:02.383953Z,2026-09-09T11:53:02.383953Z,prospect,prospect,legal|privacy
Titanium Systems,titanium-sys.example,https://titanium-sys.example,Manufacturing Technology,enterprise,501-1000,750,105000000.0,Cleveland,United States,Azure,ISO 27001,outbound research,2026-08-31T11:53:02.383953Z,2026-09-01T11:53:02.383953Z,qualified,qualified,automation
Vector Learning Platforms,vector-learning.example,https://vector-learning.example,Education Technology,growth,101-200,180,22000000.0,Raleigh,United States,AWS,FERPA,outbound research,2026-08-25T11:53:02.383953Z,2026-09-08T11:53:02.383953Z,prospect,prospect,edtech|saas
